"AverageShortestPathLength","BetweennessCentrality","ClosenessCentrality","ClusteringCoefficient","Degree","Eccentricity","id","IsSingleNode","name","NeighborhoodConnectivity","NumberOfDirectedEdges","NumberOfUndirectedEdges","PartnerOfMultiEdgedNodePairs","Radiality","selected","SelfLoops","shared name","Stress","TopologicalCoefficient"
"3.423076923076923","0.2282516950926835","0.29213483146067415","0.0","28","7","ZNF506","false","ZNF506","3.642857142857143","0","28","0","0.9218362282878412","false","0","ZNF506","261292","0.07551020408163266"
"4.910256410256411","0.018091969773892966","0.20365535248041775","0.0","5","9","ZNF671","false","ZNF671","2.6","0","5","0","0.8738626964433417","false","0","ZNF671","14316","0.22857142857142856"
"5.762820512820513","0.0","0.1735261401557286","0.0","1","11","ZNF419","false","ZNF419","4.0","0","1","0","0.8463606286186932","false","0","ZNF419","0","0.0"
"6.358974358974359","0.0","0.15725806451612903","0.0","1","11","ZNF684","false","ZNF684","4.0","0","1","0","0.8271298593879239","false","0","ZNF684","0","0.0"
"8.294871794871796","0.019168933959930745","0.12055641421947448","0.0","4","13","ZNF430","false","ZNF430","1.25","0","4","0","0.7646815550041356","false","0","ZNF430","10356","0.25"
"6.4423076923076925","0.0","0.15522388059701492","0.0","1","11","ZNF549","false","ZNF549","2.0","0","1","0","0.8244416873449131","false","0","ZNF549","0","0.0"
"5.044871794871795","0.007956970206668417","0.19822109275730623","0.0","5","11","ZNF211","false","ZNF211","4.2","0","5","0","0.869520264681555","false","0","ZNF211","18306","0.35555555555555557"
"4.185897435897436","0.06967467619799947","0.23889739663093415","0.0","14","9","ZNF133","false","ZNF133","3.2857142857142856","0","14","0","0.8972291149710504","false","0","ZNF133","119854","0.11428571428571428"
"5.5","0.006704012644132927","0.18181818181818182","0.0","3","11","ZNF484","false","ZNF484","3.3333333333333335","0","3","0","0.8548387096774194","false","0","ZNF484","9064","0.3888888888888889"
"4.448717948717949","0.016512429549346907","0.22478386167146974","0.0","7","9","ZNF317","false","ZNF317","4.714285714285714","0","7","0","0.8887510339123242","false","0","ZNF317","21816","0.19548872180451127"
"5.115384615384615","0.05046601255551659","0.1954887218045113","0.0","8","9","ZNF331","false","ZNF331","2.125","0","8","0","0.8672456575682382","false","0","ZNF331","46886","0.1875"
"5.82051282051282","0.02763468305588916","0.17180616740088106","0.0","8","11","ZNF304","false","ZNF304","1.75","0","8","0","0.8444995864350703","false","0","ZNF304","31374","0.25"
"1.0","1.0","1.0","0.0","3","1","ZNF132","false","ZNF132","1.0","0","3","0","1.0","false","0","ZNF132","6","0.0"
"6.358974358974359","0.0","0.15725806451612903","0.0","1","11","ZNF189","false","ZNF189","4.0","0","1","0","0.8271298593879239","false","0","ZNF189","0","0.0"
"6.801282051282051","0.006410256410256411","0.1470311027332705","0.0","2","13","ZIM3","false","ZIM3","1.5","0","2","0","0.8128618693134823","false","0","ZIM3","8380","0.5"
"5.685897435897436","0.0","0.17587373167981962","0.0","1","11","ZNF157","false","ZNF157","3.0","0","1","0","0.8488420181968569","false","0","ZNF157","0","0.0"
"5.032051282051282","0.006535733887473925","0.19872611464968154","0.0","3","11","ZNF182","false","ZNF182","4.333333333333333","0","3","0","0.869933829611249","false","0","ZNF182","9010","0.4166666666666667"
"6.288461538461538","0.006410256410256411","0.15902140672782875","0.0","2","11","ZNF547","false","ZNF547","1.5","0","2","0","0.8294044665012407","false","0","ZNF547","7864","0.5"
"5.166666666666667","0.003677321255077156","0.1935483870967742","0.0","3","9","ZNF776","false","ZNF776","3.0","0","3","0","0.8655913978494624","false","0","ZNF776","4060","0.4"
"4.391025641025641","0.040020761072147255","0.22773722627737225","0.0","6","9","ZNF222","false","ZNF222","4.0","0","6","0","0.8906120760959471","false","0","ZNF222","37368","0.21428571428571427"
"6.243589743589744","0.0","0.1601642710472279","0.0","1","9","ZNF333","false","ZNF333","3.0","0","1","0","0.8308519437551696","false","0","ZNF333","0","0.0"
"3.8525641025641026","0.05376311266891075","0.259567387687188","0.0","9","9","ZNF382","false","ZNF382","5.222222222222222","0","9","0","0.9079818031430935","false","0","ZNF382","82782","0.1919191919191919"
"4.794871794871795","0.006172709201810908","0.20855614973262032","0.0","3","11","PRDM9","false","PRDM9","3.6666666666666665","0","3","0","0.8775847808105872","false","0","PRDM9","7252","0.3333333333333333"
"4.346153846153846","0.045972580077452085","0.23008849557522126","0.0","9","7","ZNF12","false","ZNF12","2.111111111111111","0","9","0","0.892059553349876","false","0","ZNF12","49366","0.1388888888888889"
"5.205128205128205","0.0","0.1921182266009852","0.0","1","11","ZNF202","false","ZNF202","6.0","0","1","0","0.8643507030603805","false","0","ZNF202","0","0.0"
"1.0","1.0","1.0","0.0","2","1","ZNF180","false","ZNF180","1.0","0","2","0","1.0","false","0","ZNF180","2","0.0"
"4.217948717948718","0.024270562088387168","0.23708206686930092","0.0","8","9","ZNF641","false","ZNF641","4.5","0","8","0","0.8961952026468155","false","0","ZNF641","31416","0.18421052631578946"
"4.512820512820513","0.0022577357184351806","0.2215909090909091","0.0","4","9","ZNF528","false","ZNF528","5.25","0","4","0","0.8866832092638545","false","0","ZNF528","3582","0.38636363636363635"
"5.564102564102564","0.0","0.17972350230414746","0.0","1","11","ZNF558","false","ZNF558","4.0","0","1","0","0.8527708850289496","false","0","ZNF558","0","0.0"
"5.128205128205129","0.0","0.19499999999999998","0.0","1","11","ZNF354A","false","ZNF354A","5.0","0","1","0","0.8668320926385442","false","0","ZNF354A","0","0.0"
"4.948717948717949","0.0","0.20207253886010362","0.0","1","9","ZNF778","false","ZNF778","7.0","0","1","0","0.8726220016542597","false","0","ZNF778","0","0.0"
"4.012820512820513","0.022718658093852786","0.24920127795527156","0.0","8","9","ZNF440","false","ZNF440","5.375","0","8","0","0.902812241521919","false","0","ZNF440","32798","0.19886363636363635"
"5.147435897435898","0.0","0.19427148194271482","0.0","1","11","ZNF561","false","ZNF561","7.0","0","1","0","0.8662117452440034","false","0","ZNF561","0","0.0"
"4.923076923076923","0.03811528174465407","0.203125","0.0","3","9","ZNF584","false","ZNF584","2.6666666666666665","0","3","0","0.8734491315136477","false","0","ZNF584","21896","0.3333333333333333"
"4.006410256410256","0.05700168980600289","0.2496","0.0","8","9","ZIK1","false","ZIK1","3.375","0","8","0","0.9030190239867659","false","0","ZIK1","63784","0.1484375"
"4.371794871794871","0.005473984394287234","0.22873900293255134","0.0","5","9","ZNF417","false","ZNF417","5.2","0","5","0","0.891232423490488","false","0","ZNF417","7354","0.28"
"3.9358974358974357","0.08164626867685298","0.254071661237785","0.0","21","9","ZNF519","false","ZNF519","2.9523809523809526","0","21","0","0.9052936311000828","false","0","ZNF519","196560","0.11484593837535013"
"5.134615384615385","0.036596286675037386","0.19475655430711608","0.0","4","9","ZNF169","false","ZNF169","1.75","0","4","0","0.8666253101736971","false","0","ZNF169","24738","0.25"
"6.102564102564102","0.006410256410256411","0.1638655462184874","0.0","2","11","ZNF135","false","ZNF135","1.5","0","2","0","0.8354011579818031","false","0","ZNF135","12022","0.5"
"4.519230769230769","0.012552222530135092","0.22127659574468087","0.0","4","9","ZNF154","false","ZNF154","4.75","0","4","0","0.8864764267990074","false","0","ZNF154","18876","0.375"
"5.294871794871795","6.238007037613727E-5","0.18886198547215496","0.0","3","9","ZNF101","false","ZNF101","2.6666666666666665","0","3","0","0.8614557485525227","false","0","ZNF101","74","0.8333333333333334"
"4.544871794871795","0.01371459598556727","0.22002820874471088","0.0","3","9","ZNF708","false","ZNF708","2.6666666666666665","0","3","0","0.8856492969396195","false","0","ZNF708","11214","0.3333333333333333"
"4.17948717948718","0.021886475374883176","0.23926380368098157","0.0","8","7","ZNF320","false","ZNF320","3.875","0","8","0","0.8974358974358975","false","0","ZNF320","27718","0.19166666666666668"
"4.480769230769231","0.002155912119659355","0.22317596566523604","0.0","5","9","ZNF530","false","ZNF530","6.4","0","5","0","0.8877171215880894","false","0","ZNF530","3986","0.45"
"5.384615384615385","0.0","0.1857142857142857","0.0","1","11","ZNF730","false","ZNF730","6.0","0","1","0","0.8585607940446649","false","0","ZNF730","0","0.0"
"3.9358974358974357","0.052202910599247955","0.254071661237785","0.0","9","9","ZNF479","false","ZNF479","3.5555555555555554","0","9","0","0.9052936311000828","false","0","ZNF479","115162","0.1597222222222222"
"3.948717948717949","0.044099836421622095","0.2532467532467532","0.0","10","9","ZNF445","false","ZNF445","3.9","0","10","0","0.9048800661703887","false","0","ZNF445","89814","0.16111111111111112"
"5.737179487179487","0.0","0.17430167597765364","0.0","1","11","ZNF74","false","ZNF74","3.0","0","1","0","0.847187758478081","false","0","ZNF74","0","0.0"
"4.185897435897436","0.02616657147385868","0.23889739663093415","0.0","7","9","ZNF17","false","ZNF17","4.285714285714286","0","7","0","0.8972291149710504","false","0","ZNF17","65094","0.20535714285714285"
"5.538461538461538","0.0","0.18055555555555555","0.0","1","11","ZNF555","false","ZNF555","7.0","0","1","0","0.8535980148883374","false","0","ZNF555","0","0.0"
"5.538461538461538","0.0","0.18055555555555555","0.0","1","11","ZNF197","false","ZNF197","7.0","0","1","0","0.8535980148883374","false","0","ZNF197","0","0.0"
"3.628205128205128","0.13778529625840835","0.2756183745583039","0.0","20","9","ZFP69B","false","ZFP69B","3.5","0","20","0","0.9152191894127378","false","0","ZFP69B","197986","0.08928571428571429"
"4.769230769230769","0.009144428991227057","0.20967741935483872","0.0","3","11","ZFP69","false","ZFP69","4.333333333333333","0","3","0","0.8784119106699751","false","0","ZFP69","8834","0.3333333333333333"
"4.621794871794871","0.0027890411988839773","0.21636615811373094","0.0","4","9","ZNF626","false","ZNF626","3.75","0","4","0","0.8831679073614558","false","0","ZNF626","3682","0.3055555555555556"
"4.826923076923077","0.027932706020468556","0.20717131474103587","0.0","6","11","ZNF567","false","ZNF567","3.1666666666666665","0","6","0","0.8765508684863523","false","0","ZNF567","38702","0.2708333333333333"
"4.1923076923076925","0.027525195809076457","0.2385321100917431","0.0","7","9","ZNF33A","false","ZNF33A","3.5714285714285716","0","7","0","0.8970223325062034","false","0","ZNF33A","38196","0.16071428571428573"
"6.519230769230769","0.012799901063566656","0.15339233038348082","0.0","3","11","ZNF681","false","ZNF681","1.3333333333333333","0","3","0","0.8219602977667494","false","0","ZNF681","52702","0.3333333333333333"
"7.102564102564102","0.0","0.1407942238267148","0.0","1","11","ZNF565","false","ZNF565","2.0","0","1","0","0.8031430934656741","false","0","ZNF565","0","0.0"
"4.294871794871795","0.006659134504777076","0.2328358208955224","0.0","4","9","ZNF765","false","ZNF765","5.75","0","4","0","0.8937138130686517","false","0","ZNF765","14444","0.3958333333333333"
"4.371794871794871","0.004981558948617065","0.22873900293255134","0.0","3","9","ZNF605","false","ZNF605","5.666666666666667","0","3","0","0.891232423490488","false","0","ZNF605","6254","0.42424242424242425"
"4.378205128205129","0.007142699281356309","0.22840409956076133","0.0","3","9","ZNF782","false","ZNF782","4.0","0","3","0","0.8910256410256411","false","0","ZNF782","14106","0.3333333333333333"
"4.128205128205129","0.132676528209152","0.24223602484472048","0.0","31","9","ZNF136","false","ZNF136","3.5806451612903225","0","31","0","0.8990901571546733","false","0","ZNF136","261266","0.09216589861751152"
"4.455128205128205","0.03171055614301353","0.22446043165467625","0.0","9","9","ZKSCAN5","false","ZKSCAN5","3.4444444444444446","0","9","0","0.8885442514474773","false","0","ZKSCAN5","35796","0.16296296296296298"
"4.717948717948718","0.02698520933433978","0.21195652173913043","0.0","5","9","ZNF33B","false","ZNF33B","2.0","0","5","0","0.880066170388751","false","0","ZNF33B","15126","0.2"
"6.6923076923076925","0.006410256410256411","0.14942528735632182","0.0","2","11","ZNF431","false","ZNF431","1.5","0","2","0","0.8163771712158808","false","0","ZNF431","3432","0.5"
"6.346153846153846","0.03895854068671581","0.1575757575757576","0.0","4","11","ZNF418","false","ZNF418","1.75","0","4","0","0.8275434243176178","false","0","ZNF418","21298","0.25"
"5.589743589743589","0.0","0.17889908256880735","0.0","1","11","ZNF429","false","ZNF429","5.0","0","1","0","0.8519437551695616","false","0","ZNF429","0","0.0"
"4.5576923076923075","0.06664132738751925","0.21940928270042195","0.0","21","9","ZNF441","false","ZNF441","2.4285714285714284","0","21","0","0.8852357320099256","false","0","ZNF441","220206","0.15873015873015872"
"5.615384615384615","0.0","0.17808219178082194","0.0","1","11","ZNF257","false","ZNF257","2.0","0","1","0","0.8511166253101737","false","0","ZNF257","0","0.0"
"3.9294871794871793","0.0288690233223267","0.2544861337683524","0.0","12","9","ZNF786","false","ZNF786","4.5","0","12","0","0.9055004135649297","false","0","ZNF786","50484","0.1590909090909091"
"4.314102564102564","0.05022474451261383","0.23179791976225855","0.0","12","9","ZNF675","false","ZNF675","3.5","0","12","0","0.8930934656741109","false","0","ZNF675","64954","0.20833333333333334"
"6.871794871794871","0.0","0.1455223880597015","0.0","1","11","ZNF615","false","ZNF615","3.0","0","1","0","0.8105872622001654","false","0","ZNF615","0","0.0"
"4.5","0.002065280779337029","0.2222222222222222","0.0","2","9","ZNF433","false","ZNF433","5.5","0","2","0","0.8870967741935484","false","0","ZNF433","2694","0.5"
"5.743589743589744","0.0","0.17410714285714285","0.0","1","11","ZNF460","false","ZNF460","4.0","0","1","0","0.8469809760132341","false","0","ZNF460","0","0.0"
"4.865384615384615","0.0014605978680130329","0.20553359683794467","0.0","2","11","ZNF81","false","ZNF81","6.0","0","2","0","0.8753101736972705","false","0","ZNF81","2506","0.5"
"6.352564102564102","0.006410256410256411","0.1574167507568113","0.0","2","11","ZNF790","false","ZNF790","2.5","0","2","0","0.8273366418527709","false","0","ZNF790","5524","0.5"
"4.57051282051282","0.009830020862724166","0.21879382889200563","0.0","4","9","ZNF273","false","ZNF273","3.75","0","4","0","0.8848221670802315","false","0","ZNF273","15984","0.25"
"4.173076923076923","0.07001204431063428","0.23963133640552994","0.0","22","9","ZNF84","false","ZNF84","3.590909090909091","0","22","0","0.8976426799007444","false","0","ZNF84","171430","0.12954545454545455"
"4.519230769230769","0.013311826179508381","0.22127659574468087","0.0","7","9","ZNF649","false","ZNF649","4.428571428571429","0","7","0","0.8864764267990074","false","0","ZNF649","25126","0.2857142857142857"
"4.32051282051282","0.028067296255814986","0.23145400593471813","0.0","11","9","ZNF248","false","ZNF248","4.636363636363637","0","11","0","0.8928866832092638","false","0","ZNF248","43314","0.18181818181818182"
"4.365384615384615","0.034746359538262724","0.22907488986784144","0.0","9","9","ZNF334","false","ZNF334","3.888888888888889","0","9","0","0.8914392059553351","false","0","ZNF334","50766","0.16993464052287582"
"4.589743589743589","0.002495401117752559","0.21787709497206706","0.0","3","9","ZNF485","false","ZNF485","3.6666666666666665","0","3","0","0.8842018196856906","false","0","ZNF485","5272","0.4444444444444444"
"5.717948717948718","0.0","0.17488789237668162","0.0","1","11","ZNF26","false","ZNF26","3.0","0","1","0","0.847808105872622","false","0","ZNF26","0","0.0"
"3.8333333333333335","0.06831876514047305","0.2608695652173913","0.0","15","7","ZNF587","false","ZNF587","3.8666666666666667","0","15","0","0.9086021505376345","false","0","ZNF587","80048","0.10617283950617284"
"4.608974358974359","0.014889238080154098","0.2169680111265647","0.0","5","9","ZNF28","false","ZNF28","2.8","0","5","0","0.8835814722911498","false","0","ZNF28","14144","0.225"
"4.653846153846154","0.002429023752560719","0.21487603305785122","0.0","3","9","ZNF627","false","ZNF627","3.6666666666666665","0","3","0","0.8821339950372209","false","0","ZNF627","2938","0.38095238095238093"
"3.9871794871794872","0.02240080413726428","0.2508038585209003","0.0","7","9","ZNF468","false","ZNF468","5.285714285714286","0","7","0","0.9036393713813068","false","0","ZNF468","29492","0.20408163265306123"
"3.8205128205128207","0.10233781826917365","0.26174496644295303","0.0","13","8","ZNF425","false","ZNF425","3.6923076923076925","0","13","0","0.9090157154673284","false","0","ZNF425","126444","0.1076923076923077"
"1.0","0.0","1.0","0.0","1","1","ZNF254","false","ZNF254","1.0","0","1","0","1.0","false","0","ZNF254","0","0.0"
"3.8461538461538463","0.08831688395104906","0.26","0.0","21","9","ZNF736","false","ZNF736","3.0476190476190474","0","21","0","0.9081885856079405","false","0","ZNF736","117904","0.08902691511387163"
"5.743589743589744","0.0","0.17410714285714285","0.0","1","9","ZNF737","false","ZNF737","3.0","0","1","0","0.8469809760132341","false","0","ZNF737","0","0.0"
"1.0","0.0","1.0","0.0","1","1","ZNF324B","false","ZNF324B","1.0","0","1","0","1.0","false","0","ZNF324B","0","0.0"
"5.8076923076923075","0.0","0.17218543046357618","0.0","1","10","ZNF564","false","ZNF564","2.0","0","1","0","0.8449131513647643","false","0","ZNF564","0","0.0"
"5.4423076923076925","0.0","0.18374558303886926","0.0","1","11","ZNF550","false","ZNF550","5.0","0","1","0","0.8566997518610422","false","0","ZNF550","0","0.0"
"1.0","0.0","1.0","0.0","1","1","ZNF432","false","ZNF432","1.0","0","1","0","1.0","false","0","ZNF432","0","0.0"
"4.384615384615385","0.02887952094544867","0.22807017543859648","0.0","13","9","ZNF10","false","ZNF10","4.230769230769231","0","13","0","0.890818858560794","false","0","ZNF10","55120","0.2153846153846154"
"4.865384615384615","0.002191780498972618","0.20553359683794467","0.0","2","9","ZNF224","false","ZNF224","3.5","0","2","0","0.8753101736972705","false","0","ZNF224","2562","0.5"
"3.9294871794871793","0.033486711940912","0.2544861337683524","0.0","8","9","ZNF2","false","ZNF2","4.875","0","8","0","0.9055004135649297","false","0","ZNF2","37262","0.16847826086956522"
"4.310897435897436","0.003124006322343323","0.2319702602230483","0.0","3","8","AluJb","false","AluJb","14.333333333333334","0","3","0","0.8931968569065343","false","0","AluJb","7408","0.4166666666666667"
"4.3173076923076925","7.32736720310258E-4","0.23162583518930957","0.0","2","8","AluJo","false","AluJo","20.0","0","2","0","0.8929900744416873","false","0","AluJo","1498","0.59375"
"4.413461538461538","0.001621391420079213","0.22657952069716777","0.0","2","8","AluJr4","false","AluJr4","15.5","0","2","0","0.8898883374689825","false","0","AluJr4","3858","0.5370370370370371"
"4.310897435897436","0.003124006322343323","0.2319702602230483","0.0","3","8","AluJr","false","AluJr","14.333333333333334","0","3","0","0.8931968569065343","false","0","AluJr","7408","0.4166666666666667"
"4.1506410256410255","0.01795213931298215","0.24092664092664093","0.0","3","8","AluSz","false","AluSz","23.333333333333332","0","3","0","0.8983664185277088","false","0","AluSz","35396","0.43790849673202614"
"4.419871794871795","0.0","0.22625090645395216","0.0","1","8","FRAM","false","FRAM","28.0","0","1","0","0.8896815550041356","false","0","FRAM","0","0.0"
"4.208333333333333","0.009733945785916477","0.23762376237623764","0.0","3","8","HERVIP10FH-int","false","HERVIP10FH-int","11.0","0","3","0","0.8965053763440861","false","0","HERVIP10FH-int","9780","0.3333333333333333"
"4.137820512820513","0.01405715546689649","0.24167312161115415","0.0","2","8","HERVP71A-int","false","HERVP71A-int","16.0","0","2","0","0.8987799834574028","false","0","HERVP71A-int","18144","0.5"
"4.125","0.027520878229569275","0.24242424242424243","0.0","3","8","HUERS-P1-int","false","HUERS-P1-int","12.0","0","3","0","0.8991935483870968","false","0","HUERS-P1-int","18596","0.3333333333333333"
"4.19551282051282","0.012002611039673008","0.23834988540870894","0.0","4","8","HUERS-P3-int","false","HUERS-P3-int","10.0","0","4","0","0.8969189412737799","false","0","HUERS-P3-int","11554","0.2727272727272727"
"4.0993589743589745","0.016871890318599387","0.2439405785770133","0.0","4","8","HUERS-P3b-int","false","HUERS-P3b-int","15.75","0","4","0","0.9000206782464847","false","0","HUERS-P3b-int","19412","0.3072916666666667"
"4.419871794871795","0.0","0.22625090645395216","0.0","1","8","LTR10G","false","LTR10G","28.0","0","1","0","0.8896815550041356","false","0","LTR10G","0","0.0"
"3.798076923076923","0.038214106783958396","0.26329113924050634","0.0","7","8","LTR12C","false","LTR12C","13.571428571428571","0","7","0","0.9097394540942928","false","0","LTR12C","50184","0.18763326226012794"
"4.278846153846154","0.0016366730637077463","0.2337078651685393","0.0","2","8","LTR25-int","false","LTR25-int","24.5","0","2","0","0.8942307692307693","false","0","LTR25-int","3078","0.5875"
"4.278846153846154","0.0016366730637077463","0.2337078651685393","0.0","2","8","LTR9","false","LTR9","24.5","0","2","0","0.8942307692307693","false","0","LTR9","3078","0.5875"
"3.676282051282051","0.04364301388491263","0.27201394943330426","0.0","5","8","MER52C","false","MER52C","17.4","0","5","0","0.9136683209263855","false","0","MER52C","85678","0.2411764705882353"
"4.169871794871795","0.011036686389923774","0.23981552651806304","0.0","3","8","MER52D","false","MER52D","18.0","0","3","0","0.8977460711331678","false","0","MER52D","11586","0.3953488372093023"
"4.419871794871795","0.0","0.22625090645395216","0.0","1","8","MER66A","false","MER66A","28.0","0","1","0","0.8896815550041356","false","0","MER66A","0","0.0"
"4.1506410256410255","0.01795213931298215","0.24092664092664093","0.0","3","8","MER66B","false","MER66B","23.333333333333332","0","3","0","0.8983664185277088","false","0","MER66B","35396","0.43790849673202614"
"3.983974358974359","0.02208270413250906","0.251005631536605","0.0","5","8","MER9a3","false","MER9a3","15.0","0","5","0","0.9037427626137304","false","0","MER9a3","25062","0.24561403508771928"
"4.221153846153846","0.0488965492080457","0.23690205011389523","0.0","3","8","MLT1A","false","MLT1A","13.666666666666666","0","3","0","0.8960918114143921","false","0","MLT1A","36330","0.3333333333333333"
"4.323717948717949","0.04453459193837823","0.23128243143068938","0.0","2","8","MLT1G1","false","MLT1G1","18.0","0","2","0","0.8927832919768404","false","0","MLT1G1","39752","0.5"
"3.7403846153846154","0.03568569472814803","0.26735218508997427","0.0","7","8","MSTA-int","false","MSTA-int","14.0","0","7","0","0.9116004962779156","false","0","MSTA-int","52762","0.19402985074626866"
"3.6314102564102564","0.06447578612523697","0.27537511032656664","0.0","6","8","MamGypLTR3","false","MamGypLTR3","11.5","0","6","0","0.9151157981803143","false","0","MamGypLTR3","86088","0.19090909090909092"
"4.0673076923076925","0.008363713408127523","0.2458628841607565","0.0","4","8","THE1A-int","false","THE1A-int","12.75","0","4","0","0.9010545905707196","false","0","THE1A-int","13252","0.30128205128205127"
"3.7403846153846154","0.03458896999211187","0.26735218508997427","0.0","9","8","THE1B-int","false","THE1B-int","10.777777777777779","0","9","0","0.9116004962779156","false","0","THE1B-int","53884","0.15770609318996415"
"3.798076923076923","0.020430658617224557","0.26329113924050634","0.0","6","8","THE1C-int","false","THE1C-int","14.0","0","6","0","0.9097394540942928","false","0","THE1C-int","36272","0.22413793103448276"
"3.875","0.0177779644273248","0.25806451612903225","0.0","6","8","THE1D-int","false","THE1D-int","13.5","0","6","0","0.907258064516129","false","0","THE1D-int","32158","0.22727272727272727"
"5.330128205128205","0.0018601080875414518","0.18761274804570052","0.0","2","10","ERVL-B4-int","false","ERVL-B4-int","7.0","0","2","0","0.8603184449958644","false","0","ERVL-B4-int","1714","0.5454545454545454"
"5.907051282051282","0.0","0.16928920238741182","0.0","1","10","HERVL-int","false","HERVL-int","5.0","0","1","0","0.8417080231596361","false","0","HERVL-int","0","0.0"
"3.951923076923077","0.04727463387753614","0.2530413625304136","0.0","7","8","LTR13","false","LTR13","8.428571428571429","0","7","0","0.9047766749379653","false","0","LTR13","53566","0.17687074829931973"
"5.907051282051282","0.0","0.16928920238741182","0.0","1","10","MLT2B3","false","MLT2B3","5.0","0","1","0","0.8417080231596361","false","0","MLT2B3","0","0.0"
"5.80448717948718","4.1017016039148635E-4","0.17228050800662617","0.0","2","10","MSTA","false","MSTA","4.0","0","2","0","0.8450165425971877","false","0","MSTA","518","0.5"
"4.766025641025641","0.015660038486298527","0.20981842636180226","0.0","4","10","HERVK22-int","false","HERVK22-int","5.5","0","4","0","0.8785153019023987","false","0","HERVK22-int","17102","0.25"
"5.362179487179487","0.025496743342402508","0.18649133293484757","0.0","4","10","LTR41","false","LTR41","2.5","0","4","0","0.8592845326716294","false","0","LTR41","22082","0.25"
"7.3173076923076925","0.025393684557671697","0.1366622864651774","0.0","2","12","THE1A","false","THE1A","4.0","0","2","0","0.7962158808933002","false","0","THE1A","13792","0.5"
"9.291666666666666","0.0","0.10762331838565023","0.0","1","14","THE1B","false","THE1B","4.0","0","1","0","0.7325268817204302","false","0","THE1B","0","0.0"
"9.291666666666666","0.0","0.10762331838565023","0.0","1","14","THE1C","false","THE1C","4.0","0","1","0","0.7325268817204302","false","0","THE1C","0","0.0"
"9.291666666666666","0.0","0.10762331838565023","0.0","1","14","THE1D","false","THE1D","4.0","0","1","0","0.7325268817204302","false","0","THE1D","0","0.0"
"5.44551282051282","0.006410256410256411","0.18363743378457917","0.0","2","10","MER1A","false","MER1A","5.0","0","2","0","0.8565963606286187","false","0","MER1A","6454","0.5"
"6.041666666666667","0.0","0.16551724137931034","0.0","1","12","L1MA6","false","L1MA6","5.0","0","1","0","0.8373655913978494","false","0","L1MA6","0","0.0"
"4.541666666666667","0.02461966076332956","0.2201834862385321","0.0","7","10","L1MCa","false","L1MCa","8.857142857142858","0","7","0","0.885752688172043","false","0","L1MCa","36414","0.18272425249169436"
"4.573717948717949","0.013331171546718965","0.2186405045550105","0.0","4","10","L1PA8A","false","L1PA8A","15.25","0","4","0","0.8847187758478081","false","0","L1PA8A","17268","0.3313953488372093"
"4.259615384615385","0.01527669098625052","0.2347629796839729","0.0","4","10","L1PB1","false","L1PB1","14.75","0","4","0","0.8948511166253101","false","0","L1PB1","41938","0.29891304347826086"
"4.19551282051282","0.02154149242333102","0.23834988540870894","0.0","5","10","L1PB2","false","L1PB2","16.2","0","5","0","0.8969189412737799","false","0","L1PB2","63246","0.28679245283018867"
"4.721153846153846","0.008889379729562994","0.21181262729124237","0.0","3","10","L1M4b","false","L1M4b","15.333333333333334","0","3","0","0.8799627791563275","false","0","L1M4b","15988","0.37719298245614036"
"5.1826923076923075","0.0","0.19294990723562153","0.0","1","10","L1MA3","false","L1MA3","14.0","0","1","0","0.8650744416873449","false","0","L1MA3","0","0.0"
"5.1826923076923075","0.0","0.19294990723562153","0.0","1","10","L1MC4","false","L1MC4","14.0","0","1","0","0.8650744416873449","false","0","L1MC4","0","0.0"
"4.253205128205129","0.01645168096422552","0.23511680482290878","0.0","5","10","L1MDa","false","L1MDa","12.8","0","5","0","0.8950578990901572","false","0","L1MDa","29578","0.2565217391304348"
"5.1826923076923075","0.0","0.19294990723562153","0.0","1","10","L1MEb","false","L1MEb","14.0","0","1","0","0.8650744416873449","false","0","L1MEb","0","0.0"
"4.766025641025641","0.0019136300002724643","0.20981842636180226","0.0","2","10","L1P4","false","L1P4","18.0","0","2","0","0.8785153019023987","false","0","L1P4","5410","0.53125"
"4.766025641025641","0.0019136300002724643","0.20981842636180226","0.0","2","10","L1PA16","false","L1PA16","18.0","0","2","0","0.8785153019023987","false","0","L1PA16","5410","0.53125"
"4.727564102564102","0.0024791233193065822","0.21152542372881358","0.0","2","10","L1PBa","false","L1PBa","22.5","0","2","0","0.8797559966914805","false","0","L1PBa","7852","0.5657894736842105"
"3.8365384615384617","0.059348963585938164","0.2606516290726817","0.0","7","8","MER11A","false","MER11A","8.0","0","7","0","0.908498759305211","false","0","MER11A","91794","0.15555555555555556"
"4.439102564102564","0.007467334575191297","0.2252707581227437","0.0","2","8","MER8","false","MER8","12.0","0","2","0","0.8890612076095947","false","0","MER8","22954","0.5238095238095238"
"4.516025641025641","0.020134570368436785","0.22143364088005676","0.0","7","10","L1MB5","false","L1MB5","10.142857142857142","0","7","0","0.8865798180314309","false","0","L1MB5","31144","0.21768707482993196"
"5.30448717948718","0.0015377184091229076","0.18851963746223563","0.0","2","10","L1MB8","false","L1MB8","7.0","0","2","0","0.8611455748552523","false","0","L1MB8","2732","0.5454545454545454"
"6.496794871794871","0.0","0.1539220522940306","0.0","1","12","L1MC5","false","L1MC5","3.0","0","1","0","0.8226840363937138","false","0","L1MC5","0","0.0"
"5.44551282051282","0.0","0.18363743378457917","0.0","1","10","HAL1","false","HAL1","7.0","0","1","0","0.8565963606286187","false","0","HAL1","0","0.0"
"4.663461538461538","0.009782499665629092","0.21443298969072166","0.0","5","10","L1ME3A","false","L1ME3A","13.6","0","5","0","0.8818238213399503","false","0","L1ME3A","17462","0.3073170731707317"
"4.509615384615385","0.008799651987113162","0.22174840085287845","0.0","5","10","L1P2","false","L1P2","14.8","0","5","0","0.8867866004962779","false","0","L1P2","24030","0.3"
"4.407051282051282","0.011751227543202236","0.22690909090909092","0.0","3","9","LTR55","false","LTR55","8.0","0","3","0","0.8900951199338296","false","0","LTR55","14652","0.3333333333333333"
"5.881410256410256","0.001802554829475771","0.17002724795640328","0.0","2","10","MLT1F1","false","MLT1F1","8.0","0","2","0","0.842535153019024","false","0","MLT1F1","3486","0.6363636363636364"
"5.875","0.00821281123973217","0.1702127659574468","0.0","3","10","MLT1F","false","MLT1F","5.666666666666667","0","3","0","0.842741935483871","false","0","MLT1F","7834","0.42424242424242425"
"5.881410256410256","0.001802554829475771","0.17002724795640328","0.0","2","10","MLT1G3","false","MLT1G3","8.0","0","2","0","0.842535153019024","false","0","MLT1G3","3486","0.6363636363636364"
"6.112179487179487","0.0","0.16360776088096488","0.0","1","10","MLT1G","false","MLT1G","8.0","0","1","0","0.8350909842845327","false","0","MLT1G","0","0.0"
"5.881410256410256","0.001802554829475771","0.17002724795640328","0.0","2","10","MLT1H1","false","MLT1H1","8.0","0","2","0","0.842535153019024","false","0","MLT1H1","3486","0.6363636363636364"
"6.105769230769231","0.006410256410256411","0.16377952755905512","0.0","2","10","MLT1H2","false","MLT1H2","4.5","0","2","0","0.8352977667493797","false","0","MLT1H2","5324","0.5"
"5.246794871794871","0.016348703818831266","0.19059254734270006","0.0","3","8","MLT1H","false","MLT1H","6.0","0","3","0","0.863006617038875","false","0","MLT1H","17464","0.3333333333333333"
"6.8173076923076925","0.0","0.1466854724964739","0.0","1","12","LTR8A","false","LTR8A","8.0","0","1","0","0.8123449131513647","false","0","LTR8A","0","0.0"
"6.8173076923076925","0.0","0.1466854724964739","0.0","1","12","MLT1E1A","false","MLT1E1A","8.0","0","1","0","0.8123449131513647","false","0","MLT1E1A","0","0.0"
"6.8173076923076925","0.0","0.1466854724964739","0.0","1","12","MLT1E2","false","MLT1E2","8.0","0","1","0","0.8123449131513647","false","0","MLT1E2","0","0.0"
"4.919871794871795","0.026550176661282943","0.20325732899022803","0.0","2","10","MLT1F2","false","MLT1F2","8.0","0","2","0","0.8735525227460711","false","0","MLT1F2","26672","0.5"
"1.6666666666666667","0.0","0.6","0.0","1","2","LTR16B1","false","LTR16B1","3.0","0","1","0","0.7777777777777777","false","0","LTR16B1","0","0.0"
"1.6666666666666667","0.0","0.6","0.0","1","2","LTR16B2","false","LTR16B2","3.0","0","1","0","0.7777777777777777","false","0","LTR16B2","0","0.0"
"1.6666666666666667","0.0","0.6","0.0","1","2","LTR16B","false","LTR16B","3.0","0","1","0","0.7777777777777777","false","0","LTR16B","0","0.0"
"5.810897435897436","0.012779289306620497","0.17209045780474352","0.0","2","12","L1MCc","false","L1MCc","4.0","0","2","0","0.8448097601323407","false","0","L1MCc","16756","0.5"
"7.798076923076923","0.0","0.1282367447595561","0.0","1","14","L1PA15-16","false","L1PA15-16","2.0","0","1","0","0.7807071960297767","false","0","L1PA15-16","0","0.0"
"4.689102564102564","0.008631110045775698","0.2132604237867396","0.0","3","10","LTR28","false","LTR28","9.0","0","3","0","0.8809966914805625","false","0","LTR28","9216","0.34782608695652173"
"6.028846153846154","0.0","0.16586921850079744","0.0","1","12","AluYb9","false","AluYb9","3.0","0","1","0","0.8377791563275434","false","0","AluYb9","0","0.0"
"4.1506410256410255","0.02988522542173444","0.24092664092664093","0.0","7","10","L1PA2","false","L1PA2","11.428571428571429","0","7","0","0.8983664185277088","false","0","L1PA2","54994","0.1967654986522911"
"7.285256410256411","0.0","0.1372635283765948","0.0","1","12","MST-int","false","MST-int","2.0","0","1","0","0.7972497932175352","false","0","MST-int","0","0.0"
"5.298076923076923","0.012779289306620497","0.18874773139745915","0.0","2","10","MSTB1-int","false","MSTB1-int","7.0","0","2","0","0.8613523573200993","false","0","MSTB1-int","15724","0.5"
"4.208333333333333","0.021462943727824427","0.23762376237623764","0.0","5","8","MSTB1","false","MSTB1","8.2","0","5","0","0.8965053763440861","false","0","MSTB1","26058","0.23225806451612904"
"5.419871794871795","8.321832064097136E-4","0.1845062093435837","0.0","2","10","MSTB","false","MSTB","6.0","0","2","0","0.8574234904880066","false","0","MSTB","1026","0.5555555555555556"
"4.522435897435898","0.008247610347829434","0.221119773210489","0.0","5","8","HERVK3-int","false","HERVK3-int","8.4","0","5","0","0.886373035566584","false","0","HERVK3-int","9108","0.25517241379310346"
"5.387820512820513","0.0","0.18560380725758477","0.0","1","10","MER20","false","MER20","6.0","0","1","0","0.8584574028122416","false","0","MER20","0","0.0"
"3.951923076923077","0.030304764797960702","0.2530413625304136","0.0","5","8","L1HS","false","L1HS","16.4","0","5","0","0.9047766749379653","false","0","L1HS","49868","0.275"
"4.740384615384615","0.006907913410384754","0.2109533468559838","0.0","3","10","L1M5","false","L1M5","7.0","0","3","0","0.8793424317617867","false","0","L1M5","6462","0.42857142857142855"
"4.131410256410256","0.03932003163496796","0.24204809930178434","0.0","5","10","L1MC","false","L1MC","9.4","0","5","0","0.8989867659222498","false","0","L1MC","52916","0.23333333333333334"
"4.708333333333333","0.003877802622967492","0.21238938053097348","0.0","3","10","L1ME1","false","L1ME1","8.666666666666666","0","3","0","0.8803763440860215","false","0","L1ME1","6780","0.45098039215686275"
"3.8878205128205128","0.04667322998559206","0.25721352019785654","0.0","7","8","L1P1","false","L1P1","15.142857142857142","0","7","0","0.9068444995864351","false","0","L1P1","75756","0.2438423645320197"
"4.163461538461538","0.017887422854998163","0.24018475750577367","0.0","6","10","L1P3","false","L1P3","11.833333333333334","0","6","0","0.8979528535980148","false","0","L1P3","48572","0.24621212121212122"
"4.753205128205129","0.006887924341458175","0.21038435603506403","0.0","3","10","L1PBa1","false","L1PBa1","15.0","0","3","0","0.8789288668320927","false","0","L1PBa1","8294","0.3783783783783784"
"4.785256410256411","0.001362875980675705","0.2089752176825184","0.0","2","10","MER52-int","false","MER52-int","6.0","0","2","0","0.8778949545078578","false","0","MER52-int","1618","0.5"
"4.387820512820513","0.017136701097912637","0.2279035792549306","0.0","6","10","SVA_E","false","SVA_E","5.5","0","6","0","0.8907154673283706","false","0","SVA_E","18618","0.21428571428571427"
"4.381410256410256","0.005278324579665333","0.2282370153621068","0.0","2","8","MLT1A0","false","MLT1A0","14.5","0","2","0","0.8909222497932175","false","0","MLT1A0","6764","0.5192307692307693"
"4.6826923076923075","0.01620722616207025","0.2135523613963039","0.0","2","8","MLT1B","false","MLT1B","11.0","0","2","0","0.8812034739454094","false","0","MLT1B","22274","0.5"
"5.342948717948718","0.0","0.1871625674865027","0.0","1","8","MLT1D","false","MLT1D","9.0","0","1","0","0.8599048800661704","false","0","MLT1D","0","0.0"
"5.342948717948718","0.0","0.1871625674865027","0.0","1","8","MLT1I","false","MLT1I","9.0","0","1","0","0.8599048800661704","false","0","MLT1I","0","0.0"
"4.214743589743589","0.011784122119983026","0.23726235741444868","0.0","3","8","MLT1J1","false","MLT1J1","12.666666666666666","0","3","0","0.896298593879239","false","0","MLT1J1","13472","0.35353535353535354"
"4.548076923076923","0.0038508757047576204","0.21987315010570824","0.0","2","8","MLT1J2","false","MLT1J2","15.0","0","2","0","0.885545905707196","false","0","MLT1J2","4646","0.5185185185185185"
"4.381410256410256","0.005278324579665333","0.2282370153621068","0.0","2","8","MLT1J","false","MLT1J","14.5","0","2","0","0.8909222497932175","false","0","MLT1J","6764","0.5192307692307693"
"4.208333333333333","0.02214126240667721","0.23762376237623764","0.0","6","10","LTR12E","false","LTR12E","8.166666666666666","0","6","0","0.8965053763440861","false","0","LTR12E","27996","0.17063492063492064"
"1.5","0.0","0.6666666666666666","0.0","1","2","Charlie8","false","Charlie8","2.0","0","1","0","0.75","false","0","Charlie8","0","0.0"
"1.5","0.0","0.6666666666666666","0.0","1","2","MER102c","false","MER102c","2.0","0","1","0","0.75","false","0","MER102c","0","0.0"
"4.272435897435898","0.007530061980152087","0.23405851462865715","0.0","3","10","LTR12D","false","LTR12D","12.666666666666666","0","3","0","0.8944375516956162","false","0","LTR12D","14332","0.3763440860215054"
"4.830128205128205","0.0039912158811596845","0.20703384207033843","0.0","3","10","SVA_B","false","SVA_B","7.333333333333333","0","3","0","0.8764474772539289","false","0","SVA_B","3716","0.4222222222222222"
"4.5673076923076925","0.014061113163631294","0.2189473684210526","0.0","4","10","SVA_C","false","SVA_C","6.25","0","4","0","0.8849255583126551","false","0","SVA_C","20740","0.3088235294117647"
"4.387820512820513","0.015938301309359578","0.2279035792549306","0.0","5","10","SVA_D","false","SVA_D","10.0","0","5","0","0.8907154673283706","false","0","SVA_D","22088","0.24324324324324326"
"4.977564102564102","4.510739501627808E-4","0.20090148100450742","0.0","2","10","SVA_F","false","SVA_F","8.5","0","2","0","0.8716914805624483","false","0","SVA_F","954","0.6818181818181818"
"4.663461538461538","0.0032758336299577476","0.21443298969072166","0.0","4","8","MER34C2","false","MER34C2","6.75","0","4","0","0.8818238213399503","false","0","MER34C2","4124","0.2875"
"4.798076923076923","8.077330715453129E-4","0.20841683366733466","0.0","2","10","MER9a2","false","MER9a2","12.5","0","2","0","0.8774813895781638","false","0","MER9a2","840","0.5"
"4.4326923076923075","0.0038073487527728184","0.22559652928416488","0.0","4","8","HERVK9-int","false","HERVK9-int","8.5","0","4","0","0.8892679900744417","false","0","HERVK9-int","5180","0.3125"
"4.125","0.012778917226707752","0.24242424242424243","0.0","5","8","LTR10B1","false","LTR10B1","9.4","0","5","0","0.8991935483870968","false","0","LTR10B1","21490","0.2625"
"3.9391025641025643","0.026064738085753276","0.2538649308380797","0.0","5","8","LTR41B","false","LTR41B","9.2","0","5","0","0.9051902398676591","false","0","LTR41B","38864","0.22777777777777777"
"4.464743589743589","0.002366178363618628","0.2239770279971285","0.0","4","8","LTR5B","false","LTR5B","9.0","0","4","0","0.8882340777502067","false","0","LTR5B","4400","0.38095238095238093"
"4.009615384615385","0.055819299077482246","0.24940047961630693","0.0","5","8","LTR5_Hs","false","LTR5_Hs","9.8","0","5","0","0.9029156327543424","false","0","LTR5_Hs","52572","0.23157894736842105"
"5.919871794871795","0.0","0.1689225771521386","0.0","1","10","MLT1F-int","false","MLT1F-int","3.0","0","1","0","0.8412944582299421","false","0","MLT1F-int","0","0.0"
"5.810897435897436","0.026291469862830912","0.17209045780474352","0.0","2","10","MLT1F1-int","false","MLT1F1-int","3.5","0","2","0","0.8448097601323407","false","0","MLT1F1-int","14662","0.5"
"4.516025641025641","0.007648229947245219","0.22143364088005676","0.0","3","10","AluSx","false","AluSx","16.666666666666668","0","3","0","0.8865798180314309","false","0","AluSx","18620","0.4895833333333333"
"5.003205128205129","0.0","0.19987187700192183","0.0","1","10","L1MC4a","false","L1MC4a","8.0","0","1","0","0.8708643507030603","false","0","L1MC4a","0","0.0"
"5.003205128205129","0.0","0.19987187700192183","0.0","1","10","MADE1","false","MADE1","8.0","0","1","0","0.8708643507030603","false","0","MADE1","0","0.0"
"4.746794871794871","0.006665505682756023","0.21066846725185687","0.0","3","8","HERVK14-int","false","HERVK14-int","7.0","0","3","0","0.8791356492969397","false","0","HERVK14-int","7220","0.4"
"4.541666666666667","0.003968325176186719","0.2201834862385321","0.0","3","8","AluSc8","false","AluSc8","17.333333333333332","0","3","0","0.885752688172043","false","0","AluSc8","19502","0.5268817204301075"
"4.541666666666667","0.003968325176186719","0.2201834862385321","0.0","3","8","AluSc","false","AluSc","17.333333333333332","0","3","0","0.885752688172043","false","0","AluSc","19502","0.5268817204301075"
"4.657051282051282","0.005651502337771383","0.21472814865794906","0.0","3","10","AluSg4","false","AluSg4","17.0","0","3","0","0.8820306038047974","false","0","AluSg4","17264","0.5"
"4.862179487179487","7.940422222580002E-4","0.20566908371786422","0.0","2","10","AluSg7","false","AluSg7","21.0","0","2","0","0.8754135649296939","false","0","AluSg7","7304","0.7692307692307693"
"4.862179487179487","7.940422222580002E-4","0.20566908371786422","0.0","2","10","AluSg","false","AluSg","21.0","0","2","0","0.8754135649296939","false","0","AluSg","7304","0.7692307692307693"
"4.862179487179487","7.940422222580002E-4","0.20566908371786422","0.0","2","10","AluSp","false","AluSp","21.0","0","2","0","0.8754135649296939","false","0","AluSp","7304","0.7692307692307693"
"4.862179487179487","7.940422222580002E-4","0.20566908371786422","0.0","2","10","AluSq2","false","AluSq2","21.0","0","2","0","0.8754135649296939","false","0","AluSq2","7304","0.7692307692307693"
"4.9326923076923075","0.0","0.202729044834308","0.0","1","10","AluSq","false","AluSq","21.0","0","1","0","0.8731389578163772","false","0","AluSq","0","0.0"
"4.862179487179487","7.940422222580002E-4","0.20566908371786422","0.0","2","10","AluSx1","false","AluSx1","21.0","0","2","0","0.8754135649296939","false","0","AluSx1","7304","0.7692307692307693"
"4.541666666666667","0.003968325176186719","0.2201834862385321","0.0","3","8","AluSx3","false","AluSx3","17.333333333333332","0","3","0","0.885752688172043","false","0","AluSx3","19502","0.5268817204301075"
"4.862179487179487","7.940422222580002E-4","0.20566908371786422","0.0","2","10","AluSx4","false","AluSx4","21.0","0","2","0","0.8754135649296939","false","0","AluSx4","7304","0.7692307692307693"
"4.9326923076923075","0.0","0.202729044834308","0.0","1","10","AluSz6","false","AluSz6","21.0","0","1","0","0.8731389578163772","false","0","AluSz6","0","0.0"
"4.541666666666667","0.003968325176186719","0.2201834862385321","0.0","3","8","AluY","false","AluY","17.333333333333332","0","3","0","0.885752688172043","false","0","AluY","19502","0.5268817204301075"
"4.330128205128205","0.011051538865881365","0.230940044411547","0.0","4","8","AluYc","false","AluYc","16.0","0","4","0","0.8925765095119934","false","0","AluYc","34332","0.36585365853658536"
"3.7788461538461537","0.048306339750212715","0.2646310432569975","0.0","5","8","HERVK-int","false","HERVK-int","13.2","0","5","0","0.9103598014888338","false","0","HERVK-int","100214","0.20333333333333334"
"3.926282051282051","0.0282338476666288","0.2546938775510204","0.0","4","10","MER52A","false","MER52A","17.75","0","4","0","0.9056038047973531","false","0","MER52A","70686","0.27459016393442626"
"6.022435897435898","0.018720876855910396","0.16604576902607768","0.0","2","10","MER31B","false","MER31B","4.0","0","2","0","0.8379859387923904","false","0","MER31B","10118","0.5"
"6.131410256410256","0.0","0.16309461578672244","0.0","1","10","MER54A","false","MER54A","4.0","0","1","0","0.8344706368899918","false","0","MER54A","0","0.0"
"6.131410256410256","0.0","0.16309461578672244","0.0","1","10","MER89","false","MER89","4.0","0","1","0","0.8344706368899918","false","0","MER89","0","0.0"
"5.112179487179487","0.012779289306620497","0.19561128526645769","0.0","2","10","L1M2","false","L1M2","16.5","0","2","0","0.8673490488006617","false","0","L1M2","24040","0.5"
"7.0993589743589745","0.0","0.14085778781038374","0.0","1","12","MLT1K","false","MLT1K","2.0","0","1","0","0.8032464846980976","false","0","MLT1K","0","0.0"
"4.592948717948718","0.009976462216249846","0.21772505233775297","0.0","5","10","L1MB4","false","L1MB4","12.0","0","5","0","0.8840984284532671","false","0","L1MB4","15704","0.2894736842105263"
"4.44551282051282","0.013665439330419962","0.2249459264599856","0.0","5","10","L1MB7","false","L1MB7","10.0","0","5","0","0.8888544251447477","false","0","L1MB7","22770","0.23684210526315788"
"5.541666666666667","0.0","0.18045112781954886","0.0","1","10","MER57-int","false","MER57-int","3.0","0","1","0","0.8534946236559139","false","0","MER57-int","0","0.0"
"5.176282051282051","0.0","0.1931888544891641","0.0","1","8","L1MA9","false","L1MA9","8.0","0","1","0","0.8652812241521919","false","0","L1MA9","0","0.0"
"4.733974358974359","4.266433910175936E-4","0.2112389979688558","0.0","2","8","LTR14A","false","LTR14A","11.5","0","2","0","0.8795492142266336","false","0","LTR14A","770","0.5833333333333334"
"4.419871794871795","0.0034936317804450437","0.22625090645395216","0.0","2","8","MSTB2","false","MSTB2","14.0","0","2","0","0.8896815550041356","false","0","MSTB2","3306","0.5"
"4.9326923076923075","0.0","0.202729044834308","0.0","1","10","MER57A1","false","MER57A1","9.0","0","1","0","0.8731389578163772","false","0","MER57A1","0","0.0"
"4.740384615384615","0.0020378343519642773","0.2109533468559838","0.0","2","10","Tigger1","false","Tigger1","6.0","0","2","0","0.8793424317617867","false","0","Tigger1","2238","0.5"
"4.560897435897436","0.001388771467669709","0.21925509486999295","0.0","2","8","MER21A","false","MER21A","6.5","0","2","0","0.885132340777502","false","0","MER21A","3136","0.5"
"4.458333333333333","0.005370726082664055","0.22429906542056077","0.0","4","10","L1PA7","false","L1PA7","18.25","0","4","0","0.8884408602150538","false","0","L1PA7","20794","0.39204545454545453"
"5.1826923076923075","0.0","0.19294990723562153","0.0","1","10","MLT2B1","false","MLT2B1","7.0","0","1","0","0.8650744416873449","false","0","MLT2B1","0","0.0"
"4.9006410256410255","0.0018805317215076912","0.2040549378678875","0.0","2","10","MLT2B4","false","MLT2B4","5.5","0","2","0","0.8741728701406121","false","0","MLT2B4","4274","0.5"
"4.625","0.0","0.21621621621621623","0.0","1","10","HERV9-int","false","HERV9-int","20.0","0","1","0","0.8830645161290323","false","0","HERV9-int","0","0.0"
"4.618589743589744","0.006410256410256411","0.21651630811936157","0.0","2","10","HERVH-int","false","HERVH-int","10.5","0","2","0","0.8832712985938792","false","0","HERVH-int","6014","0.5"
"4.137820512820513","0.028023453913250302","0.24167312161115415","0.0","5","10","L1MC1","false","L1MC1","10.0","0","5","0","0.8987799834574028","false","0","L1MC1","50238","0.20930232558139536"
"4.201923076923077","0.012316430057677274","0.2379862700228833","0.0","3","10","L1PA12","false","L1PA12","15.0","0","3","0","0.896712158808933","false","0","L1PA12","33270","0.35"
"4.394230769230769","0.009096519857322353","0.2275711159737418","0.0","2","10","L2a","false","L2a","14.5","0","2","0","0.8905086848635235","false","0","L2a","7674","0.5"
"4.516025641025641","0.002444079501590702","0.22143364088005676","0.0","2","10","LTR18A","false","LTR18A","16.0","0","2","0","0.8865798180314309","false","0","LTR18A","3728","0.5769230769230769"
"4.30448717948718","0.0035865634867895888","0.2323157110945644","0.0","2","10","LTR1D","false","LTR1D","20.5","0","2","0","0.8934036393713813","false","0","LTR1D","5636","0.527027027027027"
"4.5673076923076925","0.009833670798800292","0.2189473684210526","0.0","2","10","LTR67B","false","LTR67B","12.5","0","2","0","0.8849255583126551","false","0","LTR67B","5646","0.5"
"4.625","0.0","0.21621621621621623","0.0","1","10","LTR77","false","LTR77","20.0","0","1","0","0.8830645161290323","false","0","LTR77","0","0.0"
"4.342948717948718","0.001377889907571025","0.23025830258302582","0.0","2","10","MER21C","false","MER21C","16.0","0","2","0","0.8921629445822994","false","0","MER21C","3374","0.5555555555555556"
"5.766025641025641","0.0","0.1734296831573096","0.0","1","12","L1M4","false","L1M4","3.0","0","1","0","0.8462572373862696","false","0","L1M4","0","0.0"
"4.573717948717949","0.0021581739418726036","0.2186405045550105","0.0","2","8","LTR26","false","LTR26","8.5","0","2","0","0.8847187758478081","false","0","LTR26","2314","0.5"
"4.791666666666667","0.005246535136143195","0.20869565217391303","0.0","3","10","L1ME3","false","L1ME3","16.666666666666668","0","3","0","0.8776881720430108","false","0","L1ME3","9646","0.42342342342342343"
"5.823717948717949","0.0","0.17171161254815628","0.0","1","12","LTR16A2","false","LTR16A2","6.0","0","1","0","0.8443961952026469","false","0","LTR16A2","0","0.0"
"4.689102564102564","0.0036846575711149965","0.2132604237867396","0.0","2","10","L1M1","false","L1M1","19.0","0","2","0","0.8809966914805625","false","0","L1M1","7366","0.5142857142857142"
"5.189102564102564","0.0","0.19271155033971588","0.0","1","10","L1MA2","false","L1MA2","7.0","0","1","0","0.864867659222498","false","0","L1MA2","0","0.0"
"4.669871794871795","0.0018450188825115887","0.21413864104323954","0.0","2","9","MER11B","false","MER11B","10.0","0","2","0","0.8816170388751033","false","0","MER11B","1658","0.5"
"5.189102564102564","0.0","0.19271155033971588","0.0","1","10","MER11C","false","MER11C","7.0","0","1","0","0.864867659222498","false","0","MER11C","0","0.0"
"5.535256410256411","0.01910709868909226","0.1806601042269832","0.0","2","10","AluYc3","false","AluYc3","12.0","0","2","0","0.853701406120761","false","0","AluYc3","79044","0.5"
"7.516025641025641","0.0","0.13304904051172708","0.0","1","12","MER61D","false","MER61D","3.0","0","1","0","0.7898056244830438","false","0","MER61D","0","0.0"
"7.516025641025641","0.0","0.13304904051172708","0.0","1","12","MER61E","false","MER61E","3.0","0","1","0","0.7898056244830438","false","0","MER61E","0","0.0"
"4.55448717948718","0.005601133830706056","0.2195636875439831","0.0","3","10","L1PA5","false","L1PA5","11.0","0","3","0","0.8853391232423491","false","0","L1PA5","13934","0.4"
"5.125","0.0","0.1951219512195122","0.0","1","10","L1M2c","false","L1M2c","31.0","0","1","0","0.8669354838709677","false","0","L1M2c","0","0.0"
"5.125","0.0","0.1951219512195122","0.0","1","10","L1M3c","false","L1M3c","31.0","0","1","0","0.8669354838709677","false","0","L1M3c","0","0.0"
"5.125","0.0","0.1951219512195122","0.0","1","10","L1M3f","false","L1M3f","31.0","0","1","0","0.8669354838709677","false","0","L1M3f","0","0.0"
"5.125","0.0","0.1951219512195122","0.0","1","10","L1M4c","false","L1M4c","31.0","0","1","0","0.8669354838709677","false","0","L1M4c","0","0.0"
"5.125","0.0","0.1951219512195122","0.0","1","10","L1MA4","false","L1MA4","31.0","0","1","0","0.8669354838709677","false","0","L1MA4","0","0.0"
"5.125","0.0","0.1951219512195122","0.0","1","10","L1MA4A","false","L1MA4A","31.0","0","1","0","0.8669354838709677","false","0","L1MA4A","0","0.0"
"4.907051282051282","6.41927731544136E-4","0.2037883736120183","0.0","2","10","L1PA10","false","L1PA10","26.5","0","2","0","0.8739660876757651","false","0","L1PA10","2350","0.6375"
"4.759615384615385","0.0016286962973784116","0.2101010101010101","0.0","3","10","L1PA13","false","L1PA13","22.0","0","3","0","0.8787220843672456","false","0","L1PA13","5248","0.5121951219512195"
"4.759615384615385","0.0016286962973784116","0.2101010101010101","0.0","3","10","L1PA15","false","L1PA15","22.0","0","3","0","0.8787220843672456","false","0","L1PA15","5248","0.5121951219512195"
"4.759615384615385","0.0016286962973784116","0.2101010101010101","0.0","3","10","L1PA3","false","L1PA3","22.0","0","3","0","0.8787220843672456","false","0","L1PA3","5248","0.5121951219512195"
"4.669871794871795","0.003677738318995314","0.21413864104323954","0.0","4","10","L1PA6","false","L1PA6","18.25","0","4","0","0.8816170388751033","false","0","L1PA6","9128","0.4107142857142857"
"5.701923076923077","0.012779289306620497","0.17537942664418213","0.0","2","10","LTR33A","false","LTR33A","3.5","0","2","0","0.8483250620347395","false","0","LTR33A","6860","0.5"
"5.714743589743589","0.0","0.17498597868760518","0.0","1","10","LTR33B","false","LTR33B","5.0","0","1","0","0.8479114971050454","false","0","LTR33B","0","0.0"
"4.8493589743589745","0.005543027288896278","0.2062128222075347","0.0","2","10","LTR50","false","LTR50","6.5","0","2","0","0.8758271298593879","false","0","LTR50","3468","0.5"
"7.689102564102564","0.0","0.13005418924551898","0.0","1","12","LTR14B","false","LTR14B","2.0","0","1","0","0.7842224979321755","false","0","LTR14B","0","0.0"
"7.342948717948718","0.0","0.13618507202095154","0.0","1","12","MER49","false","MER49","4.0","0","1","0","0.7953887510339123","false","0","MER49","0","0.0"
"4.746794871794871","0.012394804874196716","0.21066846725185687","0.0","4","10","AluYa5","false","AluYa5","8.75","0","4","0","0.8791356492969397","false","0","AluYa5","21108","0.2672413793103448"
"5.55448717948718","0.0","0.18003462204270052","0.0","1","10","AluYa8","false","AluYa8","21.0","0","1","0","0.8530810587262201","false","0","AluYa8","0","0.0"
"4.983974358974359","0.0026299873552616537","0.20064308681672027","0.0","2","10","AluYb8","false","AluYb8","15.0","0","2","0","0.8714846980976013","false","0","AluYb8","6376","0.5384615384615384"
"5.55448717948718","0.0","0.18003462204270052","0.0","1","10","AluYd8","false","AluYd8","21.0","0","1","0","0.8530810587262201","false","0","AluYd8","0","0.0"
"5.55448717948718","0.0","0.18003462204270052","0.0","1","10","AluYg6","false","AluYg6","21.0","0","1","0","0.8530810587262201","false","0","AluYg6","0","0.0"
"4.253205128205129","0.003621512951285273","0.23511680482290878","0.0","2","8","LTR71B","false","LTR71B","12.5","0","2","0","0.8950578990901572","false","0","LTR71B","8300","0.5"
"4.407051282051282","0.00972160445251381","0.22690909090909092","0.0","2","8","LTR13_","false","LTR13_","12.5","0","2","0","0.8900951199338296","false","0","LTR13_","9368","0.5"
"5.310897435897436","0.0","0.18829209414604706","0.0","1","10","MSTB-int","false","MSTB-int","12.0","0","1","0","0.8609387923904053","false","0","MSTB-int","0","0.0"
"5.310897435897436","0.0","0.18829209414604706","0.0","1","10","MSTC-int","false","MSTC-int","12.0","0","1","0","0.8609387923904053","false","0","MSTC-int","0","0.0"
"5.310897435897436","0.0","0.18829209414604706","0.0","1","10","MSTD-int","false","MSTD-int","12.0","0","1","0","0.8609387923904053","false","0","MSTD-int","0","0.0"
"5.310897435897436","0.0","0.18829209414604706","0.0","1","10","THE1-int","false","THE1-int","12.0","0","1","0","0.8609387923904053","false","0","THE1-int","0","0.0"
"7.3493589743589745","0.0","0.1360662887047536","0.0","1","12","LTR33","false","LTR33","2.0","0","1","0","0.7951819685690653","false","0","LTR33","0","0.0"
"5.169871794871795","0.0","0.19342839429634223","0.0","1","10","L1PA11","false","L1PA11","22.0","0","1","0","0.8654880066170388","false","0","L1PA11","0","0.0"
"4.830128205128205","0.0012388499249361496","0.20703384207033843","0.0","3","10","L1PA4","false","L1PA4","14.0","0","3","0","0.8764474772539289","false","0","L1PA4","2988","0.48148148148148145"
"5.169871794871795","0.0","0.19342839429634223","0.0","1","10","L1PA8","false","L1PA8","22.0","0","1","0","0.8654880066170388","false","0","L1PA8","0","0.0"
"5.169871794871795","0.0","0.19342839429634223","0.0","1","10","L1PREC2","false","L1PREC2","22.0","0","1","0","0.8654880066170388","false","0","L1PREC2","0","0.0"
"5.362179487179487","0.0","0.18649133293484757","0.0","1","10","ERVL-E-int","false","ERVL-E-int","9.0","0","1","0","0.8592845326716294","false","0","ERVL-E-int","0","0.0"
"4.830128205128205","0.0","0.20703384207033843","0.0","1","8","LTR10C","false","LTR10C","15.0","0","1","0","0.8764474772539289","false","0","LTR10C","0","0.0"
"4.830128205128205","0.0","0.20703384207033843","0.0","1","8","LTR14","false","LTR14","15.0","0","1","0","0.8764474772539289","false","0","LTR14","0","0.0"
"4.830128205128205","0.0","0.20703384207033843","0.0","1","8","MER66C","false","MER66C","15.0","0","1","0","0.8764474772539289","false","0","MER66C","0","0.0"
"5.605769230769231","0.0","0.1783876500857633","0.0","1","10","LTR39","false","LTR39","5.0","0","1","0","0.8514267990074442","false","0","LTR39","0","0.0"
"4.983974358974359","0.0","0.20064308681672027","0.0","1","10","MER72","false","MER72","7.0","0","1","0","0.8714846980976013","false","0","MER72","0","0.0"
"4.8173076923076925","0.0","0.20758483033932135","0.0","1","9","MER70A","false","MER70A","13.0","0","1","0","0.8768610421836228","false","0","MER70A","0","0.0"
"4.810897435897436","0.006410256410256411","0.2078614257161892","0.0","2","9","MLT1A1","false","MLT1A1","7.0","0","2","0","0.8770678246484698","false","0","MLT1A1","6076","0.5"
"1.0","0.0","1.0","0.0","1","1","MLT2A1","false","MLT2A1","1.0","0","1","0","1.0","false","0","MLT2A1","0","0.0"
"4.842948717948718","0.0","0.20648577101257445","0.0","1","10","LTR1C","false","LTR1C","21.0","0","1","0","0.8760339123242349","false","0","LTR1C","0","0.0"
"4.842948717948718","0.0","0.20648577101257445","0.0","1","10","LTR27","false","LTR27","21.0","0","1","0","0.8760339123242349","false","0","LTR27","0","0.0"
"4.842948717948718","0.0","0.20648577101257445","0.0","1","10","LTR27B","false","LTR27B","21.0","0","1","0","0.8760339123242349","false","0","LTR27B","0","0.0"
"4.842948717948718","0.0","0.20648577101257445","0.0","1","10","MER11D","false","MER11D","21.0","0","1","0","0.8760339123242349","false","0","MER11D","0","0.0"
"4.842948717948718","0.0","0.20648577101257445","0.0","1","10","MER68","false","MER68","21.0","0","1","0","0.8760339123242349","false","0","MER68","0","0.0"
"1.0","0.0","1.0","0.0","1","1","Tigger2","false","Tigger2","1.0","0","1","0","1.0","false","0","Tigger2","0","0.0"
"1.0","0.0","1.0","0.0","1","1","MER57C1","false","MER57C1","1.0","0","1","0","1.0","false","0","MER57C1","0","0.0"
"4.926282051282051","0.0","0.202992843201041","0.0","1","10","Tigger16a","false","Tigger16a","8.0","0","1","0","0.8733457402812241","false","0","Tigger16a","0","0.0"
